row_id,first_name,last_name,email,phone,position,company,_line_number,id
00c2c924-57af-43d6-a2fc-d2233d261182,Alice,Smith,alice.smith@gmail.com,555-010-1111,Manager,Acme Corp,1.0,1.0
ca0e71e4-bca4-441d-8f75-32a9ee3770d5,Bob,Jones,bob.jones@test.co.uk,555-010-2222,Developer,Tech Inc,2.0,2.0
240d7a52-7566-4b1c-a93a-74ef0110ce32,Cynthia,Waters,c.waters@finance-group.com,555-010-3333,Chief Financial Officer,Money LLC,3.0,3.0
be2f2fa8-1e37-4d27-a2f8-39765d6d06a2,David,Miller,david.m@software.io,555-010-4444,Engineer,SoftServe,4.0,4.0
051e227d-316b-4b07-952d-2e8d43282eec,Eve,Davis,eve.davis@consulting.net,555-010-5555,Hr Director,People First,5.0,5.0
2a6c96ba-00b9-4fa6-ada8-2e37e8052e5f,Frank,Wilson,frank.wilson@logistics.com,555-010-6666,Ops Manager,ShipIt,6.0,6.0
cf96d7f9-8728-4edb-a835-59037523c5c1,Michael,Bond,agent007@mi6.uk,Ext: 007,Field Agent,Secret Service,7.0,7.0
3d910dfe-a567-442c-ab73-aecf3d2f0b9b,Grace,Lee,grace.lee@design.org,555-010-7777,Designer,Creative Studio,8.0,8.0
86f0b612-9650-4516-b912-bce463efe8c7,Hank,Moore,hank.moore@auto.com,555-010-8888,Mechanic,AutoFix,9.0,9.0
cbb85c0c-a8dc-4f1a-96e7-3d777e2b5450,Irene,Taylor,irene.taylor@law.com,555-010-9999,Paralegal,Legal Eagles,10.0,10.0
8dda9006-520e-449a-806b-4a7056837fe7,Jack,White,jack.white@music.com,555-011-0000,Producer,Records Inc,11.0,11.0
a7a85ad0-60c8-4db9-a607-886ab5a380e6,Stephen,Strange,strange@sanctum.org,555-MAG-IC00,Surgeon and Sorcerer,Marvelous Med,12.0,12.0
3886081a-ef76-4820-a056-1b8afd4ac1ec,Kelly,Green,kelly.green@eco.com,555-011-1111,Ecologist,Green World,13.0,13.0
5ce5d28b-dc0e-4953-941d-96af8f221240,Larry,Page,larry@startup.io,555-011-2222,Founder and CEO,Unicorn Inc,14.0,14.0
b2754770-14c0-4e7f-984a-5b4221828aed,Mona,Lisa,art@gallery.fr,555-011-3333,Muse,Louvre,15.0,15.0
b1ec62b4-e112-469f-8da5-d67ff06ce10b,Nancy,Drew,nancy@detective.com,555-011-4444,Investigator,Mystery Solvers,16.0,16.0
0cb5229e-b178-4e77-82bb-57c09075bcd9,Olivia,Wilde,olivia.w@hollywood.com,555-011-5555,Actress,Studio 54,17.0,17.0
89399816-52b8-4912-9d4d-e4ebb09c21d8,Peter,Parker,spidey@dailybugle.com,555-011-6666,Photographer,The Daily Bugle,18.0,18.0
bdfb7a97-12f5-4194-8119-c85a852b4bcb,Quinn,Fabray,quinn@cheer.com,555-011-7777,Coach,High School,19.0,19.0
d56f446d-02f6-4c73-9993-a8438a2c66db,Robert,Stark,king@north.westeros,555-011-8888,King in the North,Winterfell Ltd,20.0,20.0
